sicc_AVID_ref_0110c_nom1401400_0201_max,sicc_AVID_ref_0110c_nom1401400_0201_min,sicc_AVID_ref_0110c_nom1401400_0201_avg,sicc_AVID_ref_0110c_nom1401400_0201_med,dicc_AVID1_ref_0118c_nom1041867_0301_max,dicc_AVID1_ref_0118c_nom1041867_0301_min,dicc_AVID1_ref_0118c_nom1041867_0301_avg,dicc_AVID1_ref_0118c_nom1041867_0301_med,dicc_AVID2_ref_0118c_nom1192133_0401_max,dicc_AVID2_ref_0118c_nom1192133_0401_min,dicc_AVID2_ref_0118c_nom1192133_0401_avg,dicc_AVID2_ref_0118c_nom1192133_0401_med,dicc_AVID3_ref_0118c_nom1332400_0501_max,dicc_AVID3_ref_0118c_nom1332400_0501_min,dicc_AVID3_ref_0118c_nom1332400_0501_avg,dicc_AVID3_ref_0118c_nom1332400_0501_med,
30.832000000000,30.736000000000,30.772400000000,30.776000000000,86.464000000000,86.272000000000,86.392000000000,86.400000000000,94.144000000000,93.920000000000,94.058400000000,94.072000000000,101.688000000000,101.456000000000,101.597600000000,101.608000000000,
