sicc_AVID_ref_0110c_nom1401400_0201_max,sicc_AVID_ref_0110c_nom1401400_0201_min,sicc_AVID_ref_0110c_nom1401400_0201_avg,sicc_AVID_ref_0110c_nom1401400_0201_med,dicc_AVID1_ref_0118c_nom1041867_0301_max,dicc_AVID1_ref_0118c_nom1041867_0301_min,dicc_AVID1_ref_0118c_nom1041867_0301_avg,dicc_AVID1_ref_0118c_nom1041867_0301_med,dicc_AVID2_ref_0118c_nom1192133_0401_max,dicc_AVID2_ref_0118c_nom1192133_0401_min,dicc_AVID2_ref_0118c_nom1192133_0401_avg,dicc_AVID2_ref_0118c_nom1192133_0401_med,dicc_AVID3_ref_0118c_nom1332400_0501_max,dicc_AVID3_ref_0118c_nom1332400_0501_min,dicc_AVID3_ref_0118c_nom1332400_0501_avg,dicc_AVID3_ref_0118c_nom1332400_0501_med,
30.552000000000,30.448000000000,30.504000000000,30.504000000000,85.224000000000,85.048000000000,85.136400000000,85.128000000000,92.712000000000,92.480000000000,92.606000000000,92.616000000000,100.056000000000,99.864000000000,99.967600000000,99.960000000000,
