sicc_AVID_ref_0110c_nom1401400_0201_max,sicc_AVID_ref_0110c_nom1401400_0201_min,sicc_AVID_ref_0110c_nom1401400_0201_avg,sicc_AVID_ref_0110c_nom1401400_0201_med,dicc_AVID1_ref_0118c_nom1041867_0301_max,dicc_AVID1_ref_0118c_nom1041867_0301_min,dicc_AVID1_ref_0118c_nom1041867_0301_avg,dicc_AVID1_ref_0118c_nom1041867_0301_med,dicc_AVID2_ref_0118c_nom1192133_0401_max,dicc_AVID2_ref_0118c_nom1192133_0401_min,dicc_AVID2_ref_0118c_nom1192133_0401_avg,dicc_AVID2_ref_0118c_nom1192133_0401_med,dicc_AVID3_ref_0118c_nom1332400_0501_max,dicc_AVID3_ref_0118c_nom1332400_0501_min,dicc_AVID3_ref_0118c_nom1332400_0501_avg,dicc_AVID3_ref_0118c_nom1332400_0501_med,
32.640000000000,32.528000000000,32.584400000000,32.592000000000,86.864000000000,86.680000000000,86.786400000000,86.784000000000,94.056000000000,93.872000000000,93.968800000000,93.976000000000,101.400000000000,101.176000000000,101.292400000000,101.304000000000,
