sicc_AVID_ref_0110c_nom1401400_0201_max,sicc_AVID_ref_0110c_nom1401400_0201_min,sicc_AVID_ref_0110c_nom1401400_0201_avg,sicc_AVID_ref_0110c_nom1401400_0201_med,dicc_AVID1_ref_0118c_nom1041867_0301_max,dicc_AVID1_ref_0118c_nom1041867_0301_min,dicc_AVID1_ref_0118c_nom1041867_0301_avg,dicc_AVID1_ref_0118c_nom1041867_0301_med,dicc_AVID2_ref_0118c_nom1192133_0401_max,dicc_AVID2_ref_0118c_nom1192133_0401_min,dicc_AVID2_ref_0118c_nom1192133_0401_avg,dicc_AVID2_ref_0118c_nom1192133_0401_med,dicc_AVID3_ref_0118c_nom1332400_0501_max,dicc_AVID3_ref_0118c_nom1332400_0501_min,dicc_AVID3_ref_0118c_nom1332400_0501_avg,dicc_AVID3_ref_0118c_nom1332400_0501_med,
36.088000000000,36.024000000000,36.049600000000,36.048000000000,91.560000000000,91.344000000000,91.472000000000,91.488000000000,99.296000000000,99.080000000000,99.191200000000,99.208000000000,106.944000000000,106.680000000000,106.827200000000,106.840000000000,
