sicc_AVID_ref_0110c_nom1401400_0201_max,sicc_AVID_ref_0110c_nom1401400_0201_min,sicc_AVID_ref_0110c_nom1401400_0201_avg,sicc_AVID_ref_0110c_nom1401400_0201_med,dicc_AVID1_ref_0118c_nom1041867_0301_max,dicc_AVID1_ref_0118c_nom1041867_0301_min,dicc_AVID1_ref_0118c_nom1041867_0301_avg,dicc_AVID1_ref_0118c_nom1041867_0301_med,dicc_AVID2_ref_0118c_nom1192133_0401_max,dicc_AVID2_ref_0118c_nom1192133_0401_min,dicc_AVID2_ref_0118c_nom1192133_0401_avg,dicc_AVID2_ref_0118c_nom1192133_0401_med,dicc_AVID3_ref_0118c_nom1332400_0501_max,dicc_AVID3_ref_0118c_nom1332400_0501_min,dicc_AVID3_ref_0118c_nom1332400_0501_avg,dicc_AVID3_ref_0118c_nom1332400_0501_med,
31.072000000000,30.976000000000,31.039600000000,31.040000000000,86.560000000000,86.400000000000,86.478800000000,86.480000000000,94.120000000000,93.936000000000,94.049200000000,94.064000000000,101.656000000000,101.464000000000,101.571200000000,101.576000000000,
